{"cameraMode":{"drawMode":0,"name":"Shaded","section":"Shading Mode"},"sceneLighting":true,"audioPlay":false,"sceneViewState":{"showFog":true,"showMaterialUpdate":false,"showSkybox":true,"showFlares":true,"showImageEffects":true,"showParticleSystems":true},"in2DMode":false,"pivot":{"x":2.159268856048584,"y":1.3090667724609376,"z":16.97320556640625},"rotation":{"x":-0.08811843395233154,"y":0.8979046940803528,"z":-0.21005812287330628,"w":-0.37666696310043337},"size":11.480734825134278,"orthographic":false}